{"cameraMode":{"drawMode":0,"name":"Shaded","section":"Shading Mode"},"sceneLighting":true,"audioPlay":false,"sceneViewState":{"showFog":true,"showMaterialUpdate":false,"showSkybox":true,"showFlares":true,"showImageEffects":true,"showParticleSystems":true},"in2DMode":false,"pivot":{"x":-38.77187728881836,"y":4.664997100830078,"z":31.397668838500978},"rotation":{"x":0.014624045230448246,"y":0.9016230702400208,"z":-0.030573831871151925,"w":0.4312179684638977},"size":-0.10886573791503906,"orthographic":false}